ID,user_id,body,category
1,78,生物学において生物の系統群の一つ。「動物」という言葉がつく分類群名としては後生動物や原生動物があるが、本稿でいう「動物」は後生動物の方を指す。後者は進化的に異なる雑多な生物をまとめたグループ（多系統群）であり、いずれも後生動物とは別系統である。日常語において、動物とは1.の意味の動物のうち、ヒト以外のもの。特に哺乳類に属する生物を指す事が多い。,トラ
2,67,生物学において生物の系統群の一つ。「動物」という言葉がつく分類群名としては後生動物や原生動物があるが、本稿でいう「動物」は後生動物の方を指す。後者は進化的に異なる雑多な生物をまとめたグループ（多系統群）であり、いずれも後生動物とは別系統である。日常語において、動物とは2.の意味の動物のうち、ヒト以外のもの。特に哺乳類に属する生物を指す事が多い。,ライオン
3,22,生物学において生物の系統群の一つ。「動物」という言葉がつく分類群名としては後生動物や原生動物があるが、本稿でいう「動物」は後生動物の方を指す。後者は進化的に異なる雑多な生物をまとめたグループ（多系統群）であり、いずれも後生動物とは別系統である。日常語において、動物とは3.の意味の動物のうち、ヒト以外のもの。特に哺乳類に属する生物を指す事が多い。,チンチラ
4,57,生物学において生物の系統群の一つ。「動物」という言葉がつく分類群名としては後生動物や原生動物があるが、本稿でいう「動物」は後生動物の方を指す。後者は進化的に異なる雑多な生物をまとめたグループ（多系統群）であり、いずれも後生動物とは別系統である。日常語において、動物とは4.の意味の動物のうち、ヒト以外のもの。特に哺乳類に属する生物を指す事が多い。,シロナガスクジラ
5,7,生物学において生物の系統群の一つ。「動物」という言葉がつく分類群名としては後生動物や原生動物があるが、本稿でいう「動物」は後生動物の方を指す。後者は進化的に異なる雑多な生物をまとめたグループ（多系統群）であり、いずれも後生動物とは別系統である。日常語において、動物とは5.の意味の動物のうち、ヒト以外のもの。特に哺乳類に属する生物を指す事が多い。,チンパンジー
6,87,生物学において生物の系統群の一つ。「動物」という言葉がつく分類群名としては後生動物や原生動物があるが、本稿でいう「動物」は後生動物の方を指す。後者は進化的に異なる雑多な生物をまとめたグループ（多系統群）であり、いずれも後生動物とは別系統である。日常語において、動物とは6.の意味の動物のうち、ヒト以外のもの。特に哺乳類に属する生物を指す事が多い。,ボノボ
7,47,生物学において生物の系統群の一つ。「動物」という言葉がつく分類群名としては後生動物や原生動物があるが、本稿でいう「動物」は後生動物の方を指す。後者は進化的に異なる雑多な生物をまとめたグループ（多系統群）であり、いずれも後生動物とは別系統である。日常語において、動物とは7.の意味の動物のうち、ヒト以外のもの。特に哺乳類に属する生物を指す事が多い。,レッサーパンダ
8,23,生物学において生物の系統群の一つ。「動物」という言葉がつく分類群名としては後生動物や原生動物があるが、本稿でいう「動物」は後生動物の方を指す。後者は進化的に異なる雑多な生物をまとめたグループ（多系統群）であり、いずれも後生動物とは別系統である。日常語において、動物とは8.の意味の動物のうち、ヒト以外のもの。特に哺乳類に属する生物を指す事が多い。,ラッコ
9,31,生物学において生物の系統群の一つ。「動物」という言葉がつく分類群名としては後生動物や原生動物があるが、本稿でいう「動物」は後生動物の方を指す。後者は進化的に異なる雑多な生物をまとめたグループ（多系統群）であり、いずれも後生動物とは別系統である。日常語において、動物とは9.の意味の動物のうち、ヒト以外のもの。特に哺乳類に属する生物を指す事が多い。,アオウミガメ
10,51,生物学において生物の系統群の一つ。「動物」という言葉がつく分類群名としては後生動物や原生動物があるが、本稿でいう「動物」は後生動物の方を指す。後者は進化的に異なる雑多な生物をまとめたグループ（多系統群）であり、いずれも後生動物とは別系統である。日常語において、動物とは10.の意味の動物のうち、ヒト以外のもの。特に哺乳類に属する生物を指す事が多い。,タイマイ
11,64,生物学において生物の系統群の一つ。「動物」という言葉がつく分類群名としては後生動物や原生動物があるが、本稿でいう「動物」は後生動物の方を指す。後者は進化的に異なる雑多な生物をまとめたグループ（多系統群）であり、いずれも後生動物とは別系統である。日常語において、動物とは11.の意味の動物のうち、ヒト以外のもの。特に哺乳類に属する生物を指す事が多い。,オサガメ
12,6,生物学において生物の系統群の一つ。「動物」という言葉がつく分類群名としては後生動物や原生動物があるが、本稿でいう「動物」は後生動物の方を指す。後者は進化的に異なる雑多な生物をまとめたグループ（多系統群）であり、いずれも後生動物とは別系統である。日常語において、動物とは12.の意味の動物のうち、ヒト以外のもの。特に哺乳類に属する生物を指す事が多い。,ハヤブサ
13,82,生物学において生物の系統群の一つ。「動物」という言葉がつく分類群名としては後生動物や原生動物があるが、本稿でいう「動物」は後生動物の方を指す。後者は進化的に異なる雑多な生物をまとめたグループ（多系統群）であり、いずれも後生動物とは別系統である。日常語において、動物とは13.の意味の動物のうち、ヒト以外のもの。特に哺乳類に属する生物を指す事が多い。,オオサンショウウオ
14,88,生物学において生物の系統群の一つ。「動物」という言葉がつく分類群名としては後生動物や原生動物があるが、本稿でいう「動物」は後生動物の方を指す。後者は進化的に異なる雑多な生物をまとめたグループ（多系統群）であり、いずれも後生動物とは別系統である。日常語において、動物とは14.の意味の動物のうち、ヒト以外のもの。特に哺乳類に属する生物を指す事が多い。,オジロワシ
15,76,生物学において生物の系統群の一つ。「動物」という言葉がつく分類群名としては後生動物や原生動物があるが、本稿でいう「動物」は後生動物の方を指す。後者は進化的に異なる雑多な生物をまとめたグループ（多系統群）であり、いずれも後生動物とは別系統である。日常語において、動物とは15.の意味の動物のうち、ヒト以外のもの。特に哺乳類に属する生物を指す事が多い。,トラ
16,67,生物学において生物の系統群の一つ。「動物」という言葉がつく分類群名としては後生動物や原生動物があるが、本稿でいう「動物」は後生動物の方を指す。後者は進化的に異なる雑多な生物をまとめたグループ（多系統群）であり、いずれも後生動物とは別系統である。日常語において、動物とは16.の意味の動物のうち、ヒト以外のもの。特に哺乳類に属する生物を指す事が多い。,ライオン
17,63,生物学において生物の系統群の一つ。「動物」という言葉がつく分類群名としては後生動物や原生動物があるが、本稿でいう「動物」は後生動物の方を指す。後者は進化的に異なる雑多な生物をまとめたグループ（多系統群）であり、いずれも後生動物とは別系統である。日常語において、動物とは17.の意味の動物のうち、ヒト以外のもの。特に哺乳類に属する生物を指す事が多い。,チンチラ
18,24,生物学において生物の系統群の一つ。「動物」という言葉がつく分類群名としては後生動物や原生動物があるが、本稿でいう「動物」は後生動物の方を指す。後者は進化的に異なる雑多な生物をまとめたグループ（多系統群）であり、いずれも後生動物とは別系統である。日常語において、動物とは18.の意味の動物のうち、ヒト以外のもの。特に哺乳類に属する生物を指す事が多い。,シロナガスクジラ
19,92,生物学において生物の系統群の一つ。「動物」という言葉がつく分類群名としては後生動物や原生動物があるが、本稿でいう「動物」は後生動物の方を指す。後者は進化的に異なる雑多な生物をまとめたグループ（多系統群）であり、いずれも後生動物とは別系統である。日常語において、動物とは19.の意味の動物のうち、ヒト以外のもの。特に哺乳類に属する生物を指す事が多い。,オオワシ
20,0,生物学において生物の系統群の一つ。「動物」という言葉がつく分類群名としては後生動物や原生動物があるが、本稿でいう「動物」は後生動物の方を指す。後者は進化的に異なる雑多な生物をまとめたグループ（多系統群）であり、いずれも後生動物とは別系統である。日常語において、動物とは20.の意味の動物のうち、ヒト以外のもの。特に哺乳類に属する生物を指す事が多い。,イヌワシ
21,66,生物学において生物の系統群の一つ。「動物」という言葉がつく分類群名としては後生動物や原生動物があるが、本稿でいう「動物」は後生動物の方を指す。後者は進化的に異なる雑多な生物をまとめたグループ（多系統群）であり、いずれも後生動物とは別系統である。日常語において、動物とは21.の意味の動物のうち、ヒト以外のもの。特に哺乳類に属する生物を指す事が多い。,アホウドリ
22,38,生物学において生物の系統群の一つ。「動物」という言葉がつく分類群名としては後生動物や原生動物があるが、本稿でいう「動物」は後生動物の方を指す。後者は進化的に異なる雑多な生物をまとめたグループ（多系統群）であり、いずれも後生動物とは別系統である。日常語において、動物とは22.の意味の動物のうち、ヒト以外のもの。特に哺乳類に属する生物を指す事が多い。,オオタカ
23,70,生物学において生物の系統群の一つ。「動物」という言葉がつく分類群名としては後生動物や原生動物があるが、本稿でいう「動物」は後生動物の方を指す。後者は進化的に異なる雑多な生物をまとめたグループ（多系統群）であり、いずれも後生動物とは別系統である。日常語において、動物とは23.の意味の動物のうち、ヒト以外のもの。特に哺乳類に属する生物を指す事が多い。,ライチョウ
24,84,生物学において生物の系統群の一つ。「動物」という言葉がつく分類群名としては後生動物や原生動物があるが、本稿でいう「動物」は後生動物の方を指す。後者は進化的に異なる雑多な生物をまとめたグループ（多系統群）であり、いずれも後生動物とは別系統である。日常語において、動物とは24.の意味の動物のうち、ヒト以外のもの。特に哺乳類に属する生物を指す事が多い。,ヤンバルクイナ
25,7,生物学において生物の系統群の一つ。「動物」という言葉がつく分類群名としては後生動物や原生動物があるが、本稿でいう「動物」は後生動物の方を指す。後者は進化的に異なる雑多な生物をまとめたグループ（多系統群）であり、いずれも後生動物とは別系統である。日常語において、動物とは25.の意味の動物のうち、ヒト以外のもの。特に哺乳類に属する生物を指す事が多い。,ハクトウワシ
26,8,生物学において生物の系統群の一つ。「動物」という言葉がつく分類群名としては後生動物や原生動物があるが、本稿でいう「動物」は後生動物の方を指す。後者は進化的に異なる雑多な生物をまとめたグループ（多系統群）であり、いずれも後生動物とは別系統である。日常語において、動物とは26.の意味の動物のうち、ヒト以外のもの。特に哺乳類に属する生物を指す事が多い。,カササギ
27,8,生物学において生物の系統群の一つ。「動物」という言葉がつく分類群名としては後生動物や原生動物があるが、本稿でいう「動物」は後生動物の方を指す。後者は進化的に異なる雑多な生物をまとめたグループ（多系統群）であり、いずれも後生動物とは別系統である。日常語において、動物とは27.の意味の動物のうち、ヒト以外のもの。特に哺乳類に属する生物を指す事が多い。,ジャイアントパンダ
28,24,生物学において生物の系統群の一つ。「動物」という言葉がつく分類群名としては後生動物や原生動物があるが、本稿でいう「動物」は後生動物の方を指す。後者は進化的に異なる雑多な生物をまとめたグループ（多系統群）であり、いずれも後生動物とは別系統である。日常語において、動物とは28.の意味の動物のうち、ヒト以外のもの。特に哺乳類に属する生物を指す事が多い。,イリオモテヤマネコ
29,20,生物学において生物の系統群の一つ。「動物」という言葉がつく分類群名としては後生動物や原生動物があるが、本稿でいう「動物」は後生動物の方を指す。後者は進化的に異なる雑多な生物をまとめたグループ（多系統群）であり、いずれも後生動物とは別系統である。日常語において、動物とは29.の意味の動物のうち、ヒト以外のもの。特に哺乳類に属する生物を指す事が多い。,オオワシ
30,74,生物学において生物の系統群の一つ。「動物」という言葉がつく分類群名としては後生動物や原生動物があるが、本稿でいう「動物」は後生動物の方を指す。後者は進化的に異なる雑多な生物をまとめたグループ（多系統群）であり、いずれも後生動物とは別系統である。日常語において、動物とは30.の意味の動物のうち、ヒト以外のもの。特に哺乳類に属する生物を指す事が多い。,ライチョウ
31,5,生物学において生物の系統群の一つ。「動物」という言葉がつく分類群名としては後生動物や原生動物があるが、本稿でいう「動物」は後生動物の方を指す。後者は進化的に異なる雑多な生物をまとめたグループ（多系統群）であり、いずれも後生動物とは別系統である。日常語において、動物とは31.の意味の動物のうち、ヒト以外のもの。特に哺乳類に属する生物を指す事が多い。,アホウドリ
32,74,生物学において生物の系統群の一つ。「動物」という言葉がつく分類群名としては後生動物や原生動物があるが、本稿でいう「動物」は後生動物の方を指す。後者は進化的に異なる雑多な生物をまとめたグループ（多系統群）であり、いずれも後生動物とは別系統である。日常語において、動物とは32.の意味の動物のうち、ヒト以外のもの。特に哺乳類に属する生物を指す事が多い。,イヌワシ
33,59,生物学において生物の系統群の一つ。「動物」という言葉がつく分類群名としては後生動物や原生動物があるが、本稿でいう「動物」は後生動物の方を指す。後者は進化的に異なる雑多な生物をまとめたグループ（多系統群）であり、いずれも後生動物とは別系統である。日常語において、動物とは33.の意味の動物のうち、ヒト以外のもの。特に哺乳類に属する生物を指す事が多い。,ツシマヤマネコ
34,85,生物学において生物の系統群の一つ。「動物」という言葉がつく分類群名としては後生動物や原生動物があるが、本稿でいう「動物」は後生動物の方を指す。後者は進化的に異なる雑多な生物をまとめたグループ（多系統群）であり、いずれも後生動物とは別系統である。日常語において、動物とは34.の意味の動物のうち、ヒト以外のもの。特に哺乳類に属する生物を指す事が多い。,オジロワシ
35,94,生物学において生物の系統群の一つ。「動物」という言葉がつく分類群名としては後生動物や原生動物があるが、本稿でいう「動物」は後生動物の方を指す。後者は進化的に異なる雑多な生物をまとめたグループ（多系統群）であり、いずれも後生動物とは別系統である。日常語において、動物とは35.の意味の動物のうち、ヒト以外のもの。特に哺乳類に属する生物を指す事が多い。,エトピリカ
36,17,生物学において生物の系統群の一つ。「動物」という言葉がつく分類群名としては後生動物や原生動物があるが、本稿でいう「動物」は後生動物の方を指す。後者は進化的に異なる雑多な生物をまとめたグループ（多系統群）であり、いずれも後生動物とは別系統である。日常語において、動物とは36.の意味の動物のうち、ヒト以外のもの。特に哺乳類に属する生物を指す事が多い。,カササギ
37,13,生物学において生物の系統群の一つ。「動物」という言葉がつく分類群名としては後生動物や原生動物があるが、本稿でいう「動物」は後生動物の方を指す。後者は進化的に異なる雑多な生物をまとめたグループ（多系統群）であり、いずれも後生動物とは別系統である。日常語において、動物とは37.の意味の動物のうち、ヒト以外のもの。特に哺乳類に属する生物を指す事が多い。,コクチョウ
38,95,生物学において生物の系統群の一つ。「動物」という言葉がつく分類群名としては後生動物や原生動物があるが、本稿でいう「動物」は後生動物の方を指す。後者は進化的に異なる雑多な生物をまとめたグループ（多系統群）であり、いずれも後生動物とは別系統である。日常語において、動物とは38.の意味の動物のうち、ヒト以外のもの。特に哺乳類に属する生物を指す事が多い。,カナダガン
39,79,生物学において生物の系統群の一つ。「動物」という言葉がつく分類群名としては後生動物や原生動物があるが、本稿でいう「動物」は後生動物の方を指す。後者は進化的に異なる雑多な生物をまとめたグループ（多系統群）であり、いずれも後生動物とは別系統である。日常語において、動物とは39.の意味の動物のうち、ヒト以外のもの。特に哺乳類に属する生物を指す事が多い。,カラス
40,79,生物学において生物の系統群の一つ。「動物」という言葉がつく分類群名としては後生動物や原生動物があるが、本稿でいう「動物」は後生動物の方を指す。後者は進化的に異なる雑多な生物をまとめたグループ（多系統群）であり、いずれも後生動物とは別系統である。日常語において、動物とは40.の意味の動物のうち、ヒト以外のもの。特に哺乳類に属する生物を指す事が多い。,オオワシ
41,36,生物学において生物の系統群の一つ。「動物」という言葉がつく分類群名としては後生動物や原生動物があるが、本稿でいう「動物」は後生動物の方を指す。後者は進化的に異なる雑多な生物をまとめたグループ（多系統群）であり、いずれも後生動物とは別系統である。日常語において、動物とは41.の意味の動物のうち、ヒト以外のもの。特に哺乳類に属する生物を指す事が多い。,ライチョウ
42,42,生物学において生物の系統群の一つ。「動物」という言葉がつく分類群名としては後生動物や原生動物があるが、本稿でいう「動物」は後生動物の方を指す。後者は進化的に異なる雑多な生物をまとめたグループ（多系統群）であり、いずれも後生動物とは別系統である。日常語において、動物とは42.の意味の動物のうち、ヒト以外のもの。特に哺乳類に属する生物を指す事が多い。,アホウドリ
43,67,生物学において生物の系統群の一つ。「動物」という言葉がつく分類群名としては後生動物や原生動物があるが、本稿でいう「動物」は後生動物の方を指す。後者は進化的に異なる雑多な生物をまとめたグループ（多系統群）であり、いずれも後生動物とは別系統である。日常語において、動物とは43.の意味の動物のうち、ヒト以外のもの。特に哺乳類に属する生物を指す事が多い。,ヤンバルクイナ
44,23,生物学において生物の系統群の一つ。「動物」という言葉がつく分類群名としては後生動物や原生動物があるが、本稿でいう「動物」は後生動物の方を指す。後者は進化的に異なる雑多な生物をまとめたグループ（多系統群）であり、いずれも後生動物とは別系統である。日常語において、動物とは44.の意味の動物のうち、ヒト以外のもの。特に哺乳類に属する生物を指す事が多い。,イヌワシ
45,64,生物学において生物の系統群の一つ。「動物」という言葉がつく分類群名としては後生動物や原生動物があるが、本稿でいう「動物」は後生動物の方を指す。後者は進化的に異なる雑多な生物をまとめたグループ（多系統群）であり、いずれも後生動物とは別系統である。日常語において、動物とは45.の意味の動物のうち、ヒト以外のもの。特に哺乳類に属する生物を指す事が多い。,オジロワシ
46,29,生物学において生物の系統群の一つ。「動物」という言葉がつく分類群名としては後生動物や原生動物があるが、本稿でいう「動物」は後生動物の方を指す。後者は進化的に異なる雑多な生物をまとめたグループ（多系統群）であり、いずれも後生動物とは別系統である。日常語において、動物とは46.の意味の動物のうち、ヒト以外のもの。特に哺乳類に属する生物を指す事が多い。,トラ
47,5,生物学において生物の系統群の一つ。「動物」という言葉がつく分類群名としては後生動物や原生動物があるが、本稿でいう「動物」は後生動物の方を指す。後者は進化的に異なる雑多な生物をまとめたグループ（多系統群）であり、いずれも後生動物とは別系統である。日常語において、動物とは47.の意味の動物のうち、ヒト以外のもの。特に哺乳類に属する生物を指す事が多い。,ライオン
48,94,生物学において生物の系統群の一つ。「動物」という言葉がつく分類群名としては後生動物や原生動物があるが、本稿でいう「動物」は後生動物の方を指す。後者は進化的に異なる雑多な生物をまとめたグループ（多系統群）であり、いずれも後生動物とは別系統である。日常語において、動物とは48.の意味の動物のうち、ヒト以外のもの。特に哺乳類に属する生物を指す事が多い。,チンチラ
49,12,生物学において生物の系統群の一つ。「動物」という言葉がつく分類群名としては後生動物や原生動物があるが、本稿でいう「動物」は後生動物の方を指す。後者は進化的に異なる雑多な生物をまとめたグループ（多系統群）であり、いずれも後生動物とは別系統である。日常語において、動物とは49.の意味の動物のうち、ヒト以外のもの。特に哺乳類に属する生物を指す事が多い。,シロナガスクジラ
50,31,生物学において生物の系統群の一つ。「動物」という言葉がつく分類群名としては後生動物や原生動物があるが、本稿でいう「動物」は後生動物の方を指す。後者は進化的に異なる雑多な生物をまとめたグループ（多系統群）であり、いずれも後生動物とは別系統である。日常語において、動物とは50.の意味の動物のうち、ヒト以外のもの。特に哺乳類に属する生物を指す事が多い。,チンパンジー
51,84,生物学において生物の系統群の一つ。「動物」という言葉がつく分類群名としては後生動物や原生動物があるが、本稿でいう「動物」は後生動物の方を指す。後者は進化的に異なる雑多な生物をまとめたグループ（多系統群）であり、いずれも後生動物とは別系統である。日常語において、動物とは51.の意味の動物のうち、ヒト以外のもの。特に哺乳類に属する生物を指す事が多い。,ボノボ
52,23,生物学において生物の系統群の一つ。「動物」という言葉がつく分類群名としては後生動物や原生動物があるが、本稿でいう「動物」は後生動物の方を指す。後者は進化的に異なる雑多な生物をまとめたグループ（多系統群）であり、いずれも後生動物とは別系統である。日常語において、動物とは52.の意味の動物のうち、ヒト以外のもの。特に哺乳類に属する生物を指す事が多い。,レッサーパンダ
53,38,生物学において生物の系統群の一つ。「動物」という言葉がつく分類群名としては後生動物や原生動物があるが、本稿でいう「動物」は後生動物の方を指す。後者は進化的に異なる雑多な生物をまとめたグループ（多系統群）であり、いずれも後生動物とは別系統である。日常語において、動物とは53.の意味の動物のうち、ヒト以外のもの。特に哺乳類に属する生物を指す事が多い。,ラッコ
54,10,生物学において生物の系統群の一つ。「動物」という言葉がつく分類群名としては後生動物や原生動物があるが、本稿でいう「動物」は後生動物の方を指す。後者は進化的に異なる雑多な生物をまとめたグループ（多系統群）であり、いずれも後生動物とは別系統である。日常語において、動物とは54.の意味の動物のうち、ヒト以外のもの。特に哺乳類に属する生物を指す事が多い。,アオウミガメ
55,39,生物学において生物の系統群の一つ。「動物」という言葉がつく分類群名としては後生動物や原生動物があるが、本稿でいう「動物」は後生動物の方を指す。後者は進化的に異なる雑多な生物をまとめたグループ（多系統群）であり、いずれも後生動物とは別系統である。日常語において、動物とは55.の意味の動物のうち、ヒト以外のもの。特に哺乳類に属する生物を指す事が多い。,タイマイ
56,93,生物学において生物の系統群の一つ。「動物」という言葉がつく分類群名としては後生動物や原生動物があるが、本稿でいう「動物」は後生動物の方を指す。後者は進化的に異なる雑多な生物をまとめたグループ（多系統群）であり、いずれも後生動物とは別系統である。日常語において、動物とは56.の意味の動物のうち、ヒト以外のもの。特に哺乳類に属する生物を指す事が多い。,オサガメ
57,7,生物学において生物の系統群の一つ。「動物」という言葉がつく分類群名としては後生動物や原生動物があるが、本稿でいう「動物」は後生動物の方を指す。後者は進化的に異なる雑多な生物をまとめたグループ（多系統群）であり、いずれも後生動物とは別系統である。日常語において、動物とは57.の意味の動物のうち、ヒト以外のもの。特に哺乳類に属する生物を指す事が多い。,ハヤブサ
58,52,生物学において生物の系統群の一つ。「動物」という言葉がつく分類群名としては後生動物や原生動物があるが、本稿でいう「動物」は後生動物の方を指す。後者は進化的に異なる雑多な生物をまとめたグループ（多系統群）であり、いずれも後生動物とは別系統である。日常語において、動物とは58.の意味の動物のうち、ヒト以外のもの。特に哺乳類に属する生物を指す事が多い。,オオサンショウウオ
59,51,生物学において生物の系統群の一つ。「動物」という言葉がつく分類群名としては後生動物や原生動物があるが、本稿でいう「動物」は後生動物の方を指す。後者は進化的に異なる雑多な生物をまとめたグループ（多系統群）であり、いずれも後生動物とは別系統である。日常語において、動物とは59.の意味の動物のうち、ヒト以外のもの。特に哺乳類に属する生物を指す事が多い。,オジロワシ
60,5,生物学において生物の系統群の一つ。「動物」という言葉がつく分類群名としては後生動物や原生動物があるが、本稿でいう「動物」は後生動物の方を指す。後者は進化的に異なる雑多な生物をまとめたグループ（多系統群）であり、いずれも後生動物とは別系統である。日常語において、動物とは60.の意味の動物のうち、ヒト以外のもの。特に哺乳類に属する生物を指す事が多い。,トラ
61,35,生物学において生物の系統群の一つ。「動物」という言葉がつく分類群名としては後生動物や原生動物があるが、本稿でいう「動物」は後生動物の方を指す。後者は進化的に異なる雑多な生物をまとめたグループ（多系統群）であり、いずれも後生動物とは別系統である。日常語において、動物とは61.の意味の動物のうち、ヒト以外のもの。特に哺乳類に属する生物を指す事が多い。,ライオン
62,22,生物学において生物の系統群の一つ。「動物」という言葉がつく分類群名としては後生動物や原生動物があるが、本稿でいう「動物」は後生動物の方を指す。後者は進化的に異なる雑多な生物をまとめたグループ（多系統群）であり、いずれも後生動物とは別系統である。日常語において、動物とは62.の意味の動物のうち、ヒト以外のもの。特に哺乳類に属する生物を指す事が多い。,チンチラ
63,48,生物学において生物の系統群の一つ。「動物」という言葉がつく分類群名としては後生動物や原生動物があるが、本稿でいう「動物」は後生動物の方を指す。後者は進化的に異なる雑多な生物をまとめたグループ（多系統群）であり、いずれも後生動物とは別系統である。日常語において、動物とは63.の意味の動物のうち、ヒト以外のもの。特に哺乳類に属する生物を指す事が多い。,シロナガスクジラ
64,25,生物学において生物の系統群の一つ。「動物」という言葉がつく分類群名としては後生動物や原生動物があるが、本稿でいう「動物」は後生動物の方を指す。後者は進化的に異なる雑多な生物をまとめたグループ（多系統群）であり、いずれも後生動物とは別系統である。日常語において、動物とは64.の意味の動物のうち、ヒト以外のもの。特に哺乳類に属する生物を指す事が多い。,オオワシ
65,44,生物学において生物の系統群の一つ。「動物」という言葉がつく分類群名としては後生動物や原生動物があるが、本稿でいう「動物」は後生動物の方を指す。後者は進化的に異なる雑多な生物をまとめたグループ（多系統群）であり、いずれも後生動物とは別系統である。日常語において、動物とは65.の意味の動物のうち、ヒト以外のもの。特に哺乳類に属する生物を指す事が多い。,イヌワシ
66,76,生物学において生物の系統群の一つ。「動物」という言葉がつく分類群名としては後生動物や原生動物があるが、本稿でいう「動物」は後生動物の方を指す。後者は進化的に異なる雑多な生物をまとめたグループ（多系統群）であり、いずれも後生動物とは別系統である。日常語において、動物とは66.の意味の動物のうち、ヒト以外のもの。特に哺乳類に属する生物を指す事が多い。,アホウドリ
67,58,生物学において生物の系統群の一つ。「動物」という言葉がつく分類群名としては後生動物や原生動物があるが、本稿でいう「動物」は後生動物の方を指す。後者は進化的に異なる雑多な生物をまとめたグループ（多系統群）であり、いずれも後生動物とは別系統である。日常語において、動物とは67.の意味の動物のうち、ヒト以外のもの。特に哺乳類に属する生物を指す事が多い。,オオタカ
68,35,生物学において生物の系統群の一つ。「動物」という言葉がつく分類群名としては後生動物や原生動物があるが、本稿でいう「動物」は後生動物の方を指す。後者は進化的に異なる雑多な生物をまとめたグループ（多系統群）であり、いずれも後生動物とは別系統である。日常語において、動物とは68.の意味の動物のうち、ヒト以外のもの。特に哺乳類に属する生物を指す事が多い。,ライチョウ
69,91,生物学において生物の系統群の一つ。「動物」という言葉がつく分類群名としては後生動物や原生動物があるが、本稿でいう「動物」は後生動物の方を指す。後者は進化的に異なる雑多な生物をまとめたグループ（多系統群）であり、いずれも後生動物とは別系統である。日常語において、動物とは69.の意味の動物のうち、ヒト以外のもの。特に哺乳類に属する生物を指す事が多い。,トラ
70,96,生物学において生物の系統群の一つ。「動物」という言葉がつく分類群名としては後生動物や原生動物があるが、本稿でいう「動物」は後生動物の方を指す。後者は進化的に異なる雑多な生物をまとめたグループ（多系統群）であり、いずれも後生動物とは別系統である。日常語において、動物とは70.の意味の動物のうち、ヒト以外のもの。特に哺乳類に属する生物を指す事が多い。,ライオン
71,69,生物学において生物の系統群の一つ。「動物」という言葉がつく分類群名としては後生動物や原生動物があるが、本稿でいう「動物」は後生動物の方を指す。後者は進化的に異なる雑多な生物をまとめたグループ（多系統群）であり、いずれも後生動物とは別系統である。日常語において、動物とは71.の意味の動物のうち、ヒト以外のもの。特に哺乳類に属する生物を指す事が多い。,チンチラ
72,23,生物学において生物の系統群の一つ。「動物」という言葉がつく分類群名としては後生動物や原生動物があるが、本稿でいう「動物」は後生動物の方を指す。後者は進化的に異なる雑多な生物をまとめたグループ（多系統群）であり、いずれも後生動物とは別系統である。日常語において、動物とは72.の意味の動物のうち、ヒト以外のもの。特に哺乳類に属する生物を指す事が多い。,シロナガスクジラ
73,54,生物学において生物の系統群の一つ。「動物」という言葉がつく分類群名としては後生動物や原生動物があるが、本稿でいう「動物」は後生動物の方を指す。後者は進化的に異なる雑多な生物をまとめたグループ（多系統群）であり、いずれも後生動物とは別系統である。日常語において、動物とは73.の意味の動物のうち、ヒト以外のもの。特に哺乳類に属する生物を指す事が多い。,チンパンジー
74,93,生物学において生物の系統群の一つ。「動物」という言葉がつく分類群名としては後生動物や原生動物があるが、本稿でいう「動物」は後生動物の方を指す。後者は進化的に異なる雑多な生物をまとめたグループ（多系統群）であり、いずれも後生動物とは別系統である。日常語において、動物とは74.の意味の動物のうち、ヒト以外のもの。特に哺乳類に属する生物を指す事が多い。,ボノボ
75,1,生物学において生物の系統群の一つ。「動物」という言葉がつく分類群名としては後生動物や原生動物があるが、本稿でいう「動物」は後生動物の方を指す。後者は進化的に異なる雑多な生物をまとめたグループ（多系統群）であり、いずれも後生動物とは別系統である。日常語において、動物とは75.の意味の動物のうち、ヒト以外のもの。特に哺乳類に属する生物を指す事が多い。,レッサーパンダ
76,50,生物学において生物の系統群の一つ。「動物」という言葉がつく分類群名としては後生動物や原生動物があるが、本稿でいう「動物」は後生動物の方を指す。後者は進化的に異なる雑多な生物をまとめたグループ（多系統群）であり、いずれも後生動物とは別系統である。日常語において、動物とは76.の意味の動物のうち、ヒト以外のもの。特に哺乳類に属する生物を指す事が多い。,ラッコ
77,42,生物学において生物の系統群の一つ。「動物」という言葉がつく分類群名としては後生動物や原生動物があるが、本稿でいう「動物」は後生動物の方を指す。後者は進化的に異なる雑多な生物をまとめたグループ（多系統群）であり、いずれも後生動物とは別系統である。日常語において、動物とは77.の意味の動物のうち、ヒト以外のもの。特に哺乳類に属する生物を指す事が多い。,アオウミガメ
78,38,生物学において生物の系統群の一つ。「動物」という言葉がつく分類群名としては後生動物や原生動物があるが、本稿でいう「動物」は後生動物の方を指す。後者は進化的に異なる雑多な生物をまとめたグループ（多系統群）であり、いずれも後生動物とは別系統である。日常語において、動物とは78.の意味の動物のうち、ヒト以外のもの。特に哺乳類に属する生物を指す事が多い。,タイマイ
79,61,生物学において生物の系統群の一つ。「動物」という言葉がつく分類群名としては後生動物や原生動物があるが、本稿でいう「動物」は後生動物の方を指す。後者は進化的に異なる雑多な生物をまとめたグループ（多系統群）であり、いずれも後生動物とは別系統である。日常語において、動物とは79.の意味の動物のうち、ヒト以外のもの。特に哺乳類に属する生物を指す事が多い。,オサガメ
80,38,生物学において生物の系統群の一つ。「動物」という言葉がつく分類群名としては後生動物や原生動物があるが、本稿でいう「動物」は後生動物の方を指す。後者は進化的に異なる雑多な生物をまとめたグループ（多系統群）であり、いずれも後生動物とは別系統である。日常語において、動物とは80.の意味の動物のうち、ヒト以外のもの。特に哺乳類に属する生物を指す事が多い。,ハヤブサ
81,23,生物学において生物の系統群の一つ。「動物」という言葉がつく分類群名としては後生動物や原生動物があるが、本稿でいう「動物」は後生動物の方を指す。後者は進化的に異なる雑多な生物をまとめたグループ（多系統群）であり、いずれも後生動物とは別系統である。日常語において、動物とは81.の意味の動物のうち、ヒト以外のもの。特に哺乳類に属する生物を指す事が多い。,オオサンショウウオ
82,65,生物学において生物の系統群の一つ。「動物」という言葉がつく分類群名としては後生動物や原生動物があるが、本稿でいう「動物」は後生動物の方を指す。後者は進化的に異なる雑多な生物をまとめたグループ（多系統群）であり、いずれも後生動物とは別系統である。日常語において、動物とは82.の意味の動物のうち、ヒト以外のもの。特に哺乳類に属する生物を指す事が多い。,オジロワシ
83,75,生物学において生物の系統群の一つ。「動物」という言葉がつく分類群名としては後生動物や原生動物があるが、本稿でいう「動物」は後生動物の方を指す。後者は進化的に異なる雑多な生物をまとめたグループ（多系統群）であり、いずれも後生動物とは別系統である。日常語において、動物とは83.の意味の動物のうち、ヒト以外のもの。特に哺乳類に属する生物を指す事が多い。,トラ
84,34,生物学において生物の系統群の一つ。「動物」という言葉がつく分類群名としては後生動物や原生動物があるが、本稿でいう「動物」は後生動物の方を指す。後者は進化的に異なる雑多な生物をまとめたグループ（多系統群）であり、いずれも後生動物とは別系統である。日常語において、動物とは84.の意味の動物のうち、ヒト以外のもの。特に哺乳類に属する生物を指す事が多い。,ライオン
85,3,生物学において生物の系統群の一つ。「動物」という言葉がつく分類群名としては後生動物や原生動物があるが、本稿でいう「動物」は後生動物の方を指す。後者は進化的に異なる雑多な生物をまとめたグループ（多系統群）であり、いずれも後生動物とは別系統である。日常語において、動物とは85.の意味の動物のうち、ヒト以外のもの。特に哺乳類に属する生物を指す事が多い。,チンチラ
86,71,生物学において生物の系統群の一つ。「動物」という言葉がつく分類群名としては後生動物や原生動物があるが、本稿でいう「動物」は後生動物の方を指す。後者は進化的に異なる雑多な生物をまとめたグループ（多系統群）であり、いずれも後生動物とは別系統である。日常語において、動物とは86.の意味の動物のうち、ヒト以外のもの。特に哺乳類に属する生物を指す事が多い。,シロナガスクジラ
87,75,生物学において生物の系統群の一つ。「動物」という言葉がつく分類群名としては後生動物や原生動物があるが、本稿でいう「動物」は後生動物の方を指す。後者は進化的に異なる雑多な生物をまとめたグループ（多系統群）であり、いずれも後生動物とは別系統である。日常語において、動物とは87.の意味の動物のうち、ヒト以外のもの。特に哺乳類に属する生物を指す事が多い。,オオワシ
88,5,生物学において生物の系統群の一つ。「動物」という言葉がつく分類群名としては後生動物や原生動物があるが、本稿でいう「動物」は後生動物の方を指す。後者は進化的に異なる雑多な生物をまとめたグループ（多系統群）であり、いずれも後生動物とは別系統である。日常語において、動物とは88.の意味の動物のうち、ヒト以外のもの。特に哺乳類に属する生物を指す事が多い。,イヌワシ
89,37,生物学において生物の系統群の一つ。「動物」という言葉がつく分類群名としては後生動物や原生動物があるが、本稿でいう「動物」は後生動物の方を指す。後者は進化的に異なる雑多な生物をまとめたグループ（多系統群）であり、いずれも後生動物とは別系統である。日常語において、動物とは89.の意味の動物のうち、ヒト以外のもの。特に哺乳類に属する生物を指す事が多い。,アホウドリ
90,20,生物学において生物の系統群の一つ。「動物」という言葉がつく分類群名としては後生動物や原生動物があるが、本稿でいう「動物」は後生動物の方を指す。後者は進化的に異なる雑多な生物をまとめたグループ（多系統群）であり、いずれも後生動物とは別系統である。日常語において、動物とは90.の意味の動物のうち、ヒト以外のもの。特に哺乳類に属する生物を指す事が多い。,オオタカ
91,93,生物学において生物の系統群の一つ。「動物」という言葉がつく分類群名としては後生動物や原生動物があるが、本稿でいう「動物」は後生動物の方を指す。後者は進化的に異なる雑多な生物をまとめたグループ（多系統群）であり、いずれも後生動物とは別系統である。日常語において、動物とは91.の意味の動物のうち、ヒト以外のもの。特に哺乳類に属する生物を指す事が多い。,ライチョウ
92,92,生物学において生物の系統群の一つ。「動物」という言葉がつく分類群名としては後生動物や原生動物があるが、本稿でいう「動物」は後生動物の方を指す。後者は進化的に異なる雑多な生物をまとめたグループ（多系統群）であり、いずれも後生動物とは別系統である。日常語において、動物とは92.の意味の動物のうち、ヒト以外のもの。特に哺乳類に属する生物を指す事が多い。,トラ
93,6,生物学において生物の系統群の一つ。「動物」という言葉がつく分類群名としては後生動物や原生動物があるが、本稿でいう「動物」は後生動物の方を指す。後者は進化的に異なる雑多な生物をまとめたグループ（多系統群）であり、いずれも後生動物とは別系統である。日常語において、動物とは93.の意味の動物のうち、ヒト以外のもの。特に哺乳類に属する生物を指す事が多い。,ライオン
94,42,生物学において生物の系統群の一つ。「動物」という言葉がつく分類群名としては後生動物や原生動物があるが、本稿でいう「動物」は後生動物の方を指す。後者は進化的に異なる雑多な生物をまとめたグループ（多系統群）であり、いずれも後生動物とは別系統である。日常語において、動物とは94.の意味の動物のうち、ヒト以外のもの。特に哺乳類に属する生物を指す事が多い。,チンチラ
95,12,生物学において生物の系統群の一つ。「動物」という言葉がつく分類群名としては後生動物や原生動物があるが、本稿でいう「動物」は後生動物の方を指す。後者は進化的に異なる雑多な生物をまとめたグループ（多系統群）であり、いずれも後生動物とは別系統である。日常語において、動物とは95.の意味の動物のうち、ヒト以外のもの。特に哺乳類に属する生物を指す事が多い。,シロナガスクジラ
96,22,生物学において生物の系統群の一つ。「動物」という言葉がつく分類群名としては後生動物や原生動物があるが、本稿でいう「動物」は後生動物の方を指す。後者は進化的に異なる雑多な生物をまとめたグループ（多系統群）であり、いずれも後生動物とは別系統である。日常語において、動物とは96.の意味の動物のうち、ヒト以外のもの。特に哺乳類に属する生物を指す事が多い。,チンパンジー
97,17,生物学において生物の系統群の一つ。「動物」という言葉がつく分類群名としては後生動物や原生動物があるが、本稿でいう「動物」は後生動物の方を指す。後者は進化的に異なる雑多な生物をまとめたグループ（多系統群）であり、いずれも後生動物とは別系統である。日常語において、動物とは97.の意味の動物のうち、ヒト以外のもの。特に哺乳類に属する生物を指す事が多い。,ボノボ
98,7,生物学において生物の系統群の一つ。「動物」という言葉がつく分類群名としては後生動物や原生動物があるが、本稿でいう「動物」は後生動物の方を指す。後者は進化的に異なる雑多な生物をまとめたグループ（多系統群）であり、いずれも後生動物とは別系統である。日常語において、動物とは98.の意味の動物のうち、ヒト以外のもの。特に哺乳類に属する生物を指す事が多い。,レッサーパンダ
99,5,生物学において生物の系統群の一つ。「動物」という言葉がつく分類群名としては後生動物や原生動物があるが、本稿でいう「動物」は後生動物の方を指す。後者は進化的に異なる雑多な生物をまとめたグループ（多系統群）であり、いずれも後生動物とは別系統である。日常語において、動物とは99.の意味の動物のうち、ヒト以外のもの。特に哺乳類に属する生物を指す事が多い。,ラッコ
100,12,生物学において生物の系統群の一つ。「動物」という言葉がつく分類群名としては後生動物や原生動物があるが、本稿でいう「動物」は後生動物の方を指す。後者は進化的に異なる雑多な生物をまとめたグループ（多系統群）であり、いずれも後生動物とは別系統である。日常語において、動物とは100.の意味の動物のうち、ヒト以外のもの。特に哺乳類に属する生物を指す事が多い。,アオウミガメ