ID,username,password,email
1,阿相悠,password,sample1@example.com
2,仁大屋,password,sample2@example.com
3,登志樹大鹿,password,sample3@example.com
4,小吉上地,password,sample4@example.com
5,和芳三島,password,sample5@example.com
6,亨典伴,password,sample6@example.com
7,信一郎水田,password,sample7@example.com
8,徹平高嶋,password,sample8@example.com
9,菊右衛門関口,password,sample9@example.com
10,清太郎出水,password,sample10@example.com
11,行男宇佐美,password,sample11@example.com
12,高志忠平,password,sample12@example.com
13,巌埴渕,password,sample13@example.com
14,理人小野寺,password,sample14@example.com
15,猪兵衛冨部,password,sample15@example.com
16,丈治阿部,password,sample16@example.com
17,匡昭岡山,password,sample17@example.com
18,瑛梓石間,password,sample18@example.com
19,梅太郎志水,password,sample19@example.com
20,音右衛門光元,password,sample20@example.com
21,裕治鳥渕,password,sample21@example.com
22,和洋直良,password,sample22@example.com
23,弘志永野,password,sample23@example.com
24,航汰吉井,password,sample24@example.com
25,佳泰竹内,password,sample25@example.com
26,猪吉高木,password,sample26@example.com
27,瑠璃男河邊,password,sample27@example.com
28,銀治松沢,password,sample28@example.com
29,晃明中野,password,sample29@example.com
30,為治広浦,password,sample30@example.com
31,康成木原,password,sample31@example.com
32,永吉藤枝,password,sample32@example.com
33,英知庄籠,password,sample33@example.com
34,与七水口,password,sample34@example.com
35,操植田,password,sample35@example.com
36,慶丞大池,password,sample36@example.com
37,庄兵衛北村,password,sample37@example.com
38,禄太郎塚田,password,sample38@example.com
39,保宏庄籠,password,sample39@example.com
40,吉恭花崎,password,sample40@example.com
41,直行久森,password,sample41@example.com
42,政均大島,password,sample42@example.com
43,規明国岡,password,sample43@example.com
44,和歩杉本,password,sample44@example.com
45,門三郎島袋,password,sample45@example.com
46,倫太郎牧野,password,sample46@example.com
47,光彦(野々垣),password,sample47@example.com
48,英俊有本,password,sample48@example.com
49,太朗瀬戸,password,sample49@example.com
50,俊宏野方,password,sample50@example.com
51,智広,password,sample51@example.com
52,大森,password,sample52@example.com
53,光世大川,password,sample53@example.com
54,慎吾粕谷,password,sample54@example.com
55,富治郎堀江,password,sample55@example.com
56,伊之助柳生,password,sample56@example.com
57,尚之進広本,password,sample57@example.com
58,正樹玉田,password,sample58@example.com
59,輔江崎,password,sample59@example.com
60,雪之丞白木,password,sample60@example.com
61,吉之介岩木,password,sample61@example.com
62,長衛門菊池,password,sample62@example.com
63,陽汰舘,password,sample63@example.com
64,素史獄石,password,sample64@example.com
65,孝典稲生,password,sample65@example.com
66,寛人島田,password,sample66@example.com
67,一章原,password,sample67@example.com
68,正一郎田力,password,sample68@example.com
69,優真社家間,password,sample69@example.com
70,冨太郎岩下,password,sample70@example.com
71,楓芽津山,password,sample71@example.com
72,光延戸部,password,sample72@example.com
73,正右衛門尾本,password,sample73@example.com
74,龍之介中山,password,sample74@example.com
75,達顕阪田,password,sample75@example.com
76,博史村上,password,sample76@example.com
77,光宏長坂,password,sample77@example.com
78,繁功横田,password,sample78@example.com
79,研介諸鍛冶,password,sample79@example.com
80,剣都中込,password,sample80@example.com
81,藍輝津田,password,sample81@example.com
82,歩渡部,password,sample82@example.com
83,綾治小幡,password,sample83@example.com
84,佳人市川,password,sample84@example.com
85,浩久小柴,password,sample85@example.com
86,勇仁須賀,password,sample86@example.com
87,賢二川本,password,sample87@example.com
88,惟親野中,password,sample88@example.com
89,登喜彦土橋,password,sample89@example.com
90,達彦今井,password,sample90@example.com
91,頼柴山,password,sample91@example.com
92,千歳岩瀬,password,sample92@example.com
93,幸希藤吉,password,sample93@example.com
94,箕吉庄盛,password,sample94@example.com
95,清次汐見,password,sample95@example.com
96,二二村松,password,sample96@example.com
97,修澤井,password,sample97@example.com
98,密中込,password,sample98@example.com
99,千之助神戸,password,sample99@example.com
100,幸人田之上,password,sample100@example.com